{
  "accuracy": 0.9668161434977578,
  "precision_weighted": 0.9680402737974416,
  "recall_weighted": 0.9668161434977578,
  "f1_weighted": 0.964775814377704
}